cusip,trade_date,trade_time,price,yield,par_amount,trade_type
452153KJ7,2024-09-10,,100.572,2.99,93815000,NEW_ISSUE
452153KK4,2024-09-10,,102.587,2.94,75005000,NEW_ISSUE
452153KL2,2024-09-10,,104.596,2.91,74720000,NEW_ISSUE
452153KM0,2024-09-10,,106.51,2.91,33405000,NEW_ISSUE
452153KN8,2024-09-10,,108.328,2.92,74085000,NEW_ISSUE
452153KP3,2024-09-10,,109.714,3.0,75325000,NEW_ISSUE
452153KQ1,2024-09-10,,110.901,3.08,74995000,NEW_ISSUE
452153KR9,2024-09-10,,111.825,3.17,74590000,NEW_ISSUE
452153KS7,2024-09-10,,112.703,3.24,74170000,NEW_ISSUE
452153KT5,2024-09-10,,113.675,3.28,73800000,NEW_ISSUE
452153KU2,2024-09-10,,113.851,3.33,73510000,NEW_ISSUE
452153KV0,2024-09-10,,113.493,3.37,73200000,NEW_ISSUE
452153KW8,2024-09-10,,113.136,3.41,72810000,NEW_ISSUE
452153KX6,2024-09-10,,112.959,3.43,72400000,NEW_ISSUE
452153KY4,2024-09-10,,112.427,3.49,71970000,NEW_ISSUE
452153KZ1,2024-09-17,,100.0,4.45,15000000,NEW_ISSUE
452153LA5,2024-09-17,,100.0,4.1,15000000,NEW_ISSUE
452153LB3,2024-09-17,,100.0,4.06,15000000,NEW_ISSUE
452153LC1,2024-09-17,,100.0,4.09,15000000,NEW_ISSUE
452153LD9,2024-09-17,,100.0,4.14,15000000,NEW_ISSUE
452153LE7,2024-09-17,,100.0,4.28,15000000,NEW_ISSUE
452153LF4,2024-09-17,,100.0,4.33,15000000,NEW_ISSUE
452153LG2,2024-09-17,,100.0,4.48,15000000,NEW_ISSUE
452153LH0,2024-09-17,,100.0,4.54,15000000,NEW_ISSUE
452153LJ6,2024-09-17,,100.0,4.64,15000000,NEW_ISSUE
452153LK3,2024-09-17,,101.969,2.9,10000000,NEW_ISSUE
452153LL1,2024-09-17,,104.221,2.77,10000000,NEW_ISSUE
452153LM9,2024-09-17,,106.32,2.76,10000000,NEW_ISSUE
452153LN7,2024-09-17,,108.343,2.76,10000000,NEW_ISSUE
452153LP2,2024-09-17,,111.316,2.79,10000000,NEW_ISSUE
452153LQ0,2024-09-17,,111.472,2.89,10000000,NEW_ISSUE
452153LR8,2024-09-17,,112.341,3.02,10000000,NEW_ISSUE
452153LS6,2024-09-17,,113.157,3.12,10000000,NEW_ISSUE
452153LT4,2024-09-17,,114.256,3.16,10000000,NEW_ISSUE
452153LU1,2024-09-17,,113.838,3.21,10000000,NEW_ISSUE
452153LV9,2024-09-17,,113.339,3.27,25000000,NEW_ISSUE
452153LW7,2024-09-17,,112.842,3.33,25000000,NEW_ISSUE
452153LX5,2024-09-17,,102.652,3.65,25000000,NEW_ISSUE
452153LY3,2024-09-17,,102.498,3.67,25000000,NEW_ISSUE
452153LZ0,2024-09-17,,101.885,3.75,25000000,NEW_ISSUE
452153MA4,2024-09-17,,101.277,3.83,25000000,NEW_ISSUE
452153MB2,2024-09-17,,100.597,3.92,25000000,NEW_ISSUE
452153MC0,2024-09-17,,100.147,3.98,25000000,NEW_ISSUE
452153MD8,2024-09-17,,99.472,4.04,25000000,NEW_ISSUE
452153ME6,2024-09-17,,98.778,4.09,25000000,NEW_ISSUE
452153MF3,2024-09-17,,98.187,4.13,25000000,NEW_ISSUE
167505YW0,2023-10-26,,98.885,5.19,10000000,NEW_ISSUE
167505YX8,2023-10-26,,101.885,5.21,34315000,NEW_ISSUE
167505YY6,2023-10-26,,98.353,5.23,15000000,NEW_ISSUE
167505YZ3,2023-10-26,,98.061,5.25,23010000,NEW_ISSUE
167505ZA7,2023-10-26,,97.346,5.32,29885000,NEW_ISSUE
167505ZB5,2023-10-26,,98.505,5.42,27145000,NEW_ISSUE
167505ZC3,2023-10-26,,97.325,5.54,28970000,NEW_ISSUE
167505ZD1,2023-10-26,,98.84,5.62,21600000,NEW_ISSUE
167505ZE9,2023-10-26,,97.992,5.7,30010000,NEW_ISSUE
167505ZF6,2023-10-26,,97.916,6.04,117830000,NEW_ISSUE
167505ZG4,2023-10-26,,98.955,6.08,237235000,NEW_ISSUE
167505ZM1,2025-09-11,,98.551,5.86,325000000,NEW_ISSUE
167505ZL3,2025-09-11,,104.273,5.69,325000000,NEW_ISSUE
167505ZN9,2025-10-28,,101.785,4.33,2585000,NEW_ISSUE
167505ZP4,2025-10-28,,102.659,4.31,2720000,NEW_ISSUE
167505ZQ2,2025-10-28,,103.496,4.3,2865000,NEW_ISSUE
167505ZR0,2025-10-28,,104.409,4.27,3015000,NEW_ISSUE
167505ZS8,2025-10-28,,104.795,4.34,3170000,NEW_ISSUE
167505ZT6,2025-10-28,,106.169,4.47,38695000,NEW_ISSUE
167505ZU3,2025-10-28,,106.62,4.51,46190000,NEW_ISSUE
167505ZV1,2025-10-28,,106.676,4.59,66785000,NEW_ISSUE
167505ZW9,2025-10-28,,106.348,4.7,29940000,NEW_ISSUE
167505ZX7,2025-10-28,,105.364,4.82,41295000,NEW_ISSUE
167505ZY5,2025-10-28,,108.563,4.91,27930000,NEW_ISSUE
167505ZZ2,2025-10-28,,107.986,4.98,29970000,NEW_ISSUE
167505A22,2025-10-28,,107.332,5.06,29920000,NEW_ISSUE
167505A30,2025-10-28,,96.912,5.3,81500000,NEW_ISSUE
167505A48,2025-10-28,,105.877,5.24,85575000,NEW_ISSUE
167505A55,2025-10-28,,104.841,5.37,91095000,NEW_ISSUE
167505A63,2025-10-28,,104.288,5.44,107080000,NEW_ISSUE
167505A71,2025-10-28,,103.505,5.54,109060000,NEW_ISSUE
167505A89,2025-10-28,,101.785,4.33,2375000,NEW_ISSUE
167505A97,2025-10-28,,102.659,4.31,2505000,NEW_ISSUE
167505B21,2025-10-28,,103.496,4.3,2630000,NEW_ISSUE
167505B39,2025-10-28,,104.409,4.27,2770000,NEW_ISSUE
167505B47,2025-10-28,,104.795,4.34,2920000,NEW_ISSUE
167505B54,2025-10-28,,106.169,4.47,3075000,NEW_ISSUE
167505B62,2025-10-28,,106.62,4.51,3240000,NEW_ISSUE
167505B70,2025-10-28,,106.676,4.59,1265000,NEW_ISSUE
167505B88,2025-10-28,,106.348,4.7,3490000,NEW_ISSUE
167505B96,2025-10-28,,105.364,4.82,3680000,NEW_ISSUE
167505C20,2025-10-28,,108.563,4.91,21300000,NEW_ISSUE
167505C38,2025-10-28,,107.986,4.98,22580000,NEW_ISSUE
167505C46,2025-10-28,,107.332,5.06,26090000,NEW_ISSUE
167505C53,2025-10-28,,106.682,5.14,1750000,NEW_ISSUE
167505C61,2025-10-28,,105.877,5.24,1610000,NEW_ISSUE
167505C79,2025-10-28,,104.841,5.37,1710000,NEW_ISSUE
167505C87,2025-10-28,,104.288,5.44,35520000,NEW_ISSUE
167505C95,2025-10-28,,103.505,5.54,3670000,NEW_ISSUE
167505D29,2025-10-28,,97.624,5.7,152600000,NEW_ISSUE
