cusip,issuer_key,description,coupon,maturity_date,tax_exempt,il_exempt,is_callable,call_date,source_doc_url
452153KJ7,IL_GO,il_2024_10_ref 2024,5.0,2025-02-01,1,0,0,,"https://capitalmarkets.illinois.gov/content/dam/soi/en/web/capitalmarkets/documents/recent-bond-sales/State%20of%20Illinois,%20Refunding%20Series%20of%20October%202024%20Official%20Statement.pdf"
452153KK4,IL_GO,il_2024_10_ref 2024,5.0,2026-02-01,1,0,0,,"https://capitalmarkets.illinois.gov/content/dam/soi/en/web/capitalmarkets/documents/recent-bond-sales/State%20of%20Illinois,%20Refunding%20Series%20of%20October%202024%20Official%20Statement.pdf"
452153KL2,IL_GO,il_2024_10_ref 2024,5.0,2027-02-01,1,0,0,,"https://capitalmarkets.illinois.gov/content/dam/soi/en/web/capitalmarkets/documents/recent-bond-sales/State%20of%20Illinois,%20Refunding%20Series%20of%20October%202024%20Official%20Statement.pdf"
452153KM0,IL_GO,il_2024_10_ref 2024,5.0,2028-02-01,1,0,0,,"https://capitalmarkets.illinois.gov/content/dam/soi/en/web/capitalmarkets/documents/recent-bond-sales/State%20of%20Illinois,%20Refunding%20Series%20of%20October%202024%20Official%20Statement.pdf"
452153KN8,IL_GO,il_2024_10_ref 2024,5.0,2029-02-01,1,0,0,,"https://capitalmarkets.illinois.gov/content/dam/soi/en/web/capitalmarkets/documents/recent-bond-sales/State%20of%20Illinois,%20Refunding%20Series%20of%20October%202024%20Official%20Statement.pdf"
452153KP3,IL_GO,il_2024_10_ref 2024,5.0,2030-02-01,1,0,0,,"https://capitalmarkets.illinois.gov/content/dam/soi/en/web/capitalmarkets/documents/recent-bond-sales/State%20of%20Illinois,%20Refunding%20Series%20of%20October%202024%20Official%20Statement.pdf"
452153KQ1,IL_GO,il_2024_10_ref 2024,5.0,2031-02-01,1,0,0,,"https://capitalmarkets.illinois.gov/content/dam/soi/en/web/capitalmarkets/documents/recent-bond-sales/State%20of%20Illinois,%20Refunding%20Series%20of%20October%202024%20Official%20Statement.pdf"
452153KR9,IL_GO,il_2024_10_ref 2024,5.0,2032-02-01,1,0,0,,"https://capitalmarkets.illinois.gov/content/dam/soi/en/web/capitalmarkets/documents/recent-bond-sales/State%20of%20Illinois,%20Refunding%20Series%20of%20October%202024%20Official%20Statement.pdf"
452153KS7,IL_GO,il_2024_10_ref 2024,5.0,2033-02-01,1,0,0,,"https://capitalmarkets.illinois.gov/content/dam/soi/en/web/capitalmarkets/documents/recent-bond-sales/State%20of%20Illinois,%20Refunding%20Series%20of%20October%202024%20Official%20Statement.pdf"
452153KT5,IL_GO,il_2024_10_ref 2024,5.0,2034-02-01,1,0,0,,"https://capitalmarkets.illinois.gov/content/dam/soi/en/web/capitalmarkets/documents/recent-bond-sales/State%20of%20Illinois,%20Refunding%20Series%20of%20October%202024%20Official%20Statement.pdf"
452153KU2,IL_GO,il_2024_10_ref 2024,5.0,2035-02-01,1,0,1,,"https://capitalmarkets.illinois.gov/content/dam/soi/en/web/capitalmarkets/documents/recent-bond-sales/State%20of%20Illinois,%20Refunding%20Series%20of%20October%202024%20Official%20Statement.pdf"
452153KV0,IL_GO,il_2024_10_ref 2024,5.0,2036-02-01,1,0,1,,"https://capitalmarkets.illinois.gov/content/dam/soi/en/web/capitalmarkets/documents/recent-bond-sales/State%20of%20Illinois,%20Refunding%20Series%20of%20October%202024%20Official%20Statement.pdf"
452153KW8,IL_GO,il_2024_10_ref 2024,5.0,2037-02-01,1,0,1,,"https://capitalmarkets.illinois.gov/content/dam/soi/en/web/capitalmarkets/documents/recent-bond-sales/State%20of%20Illinois,%20Refunding%20Series%20of%20October%202024%20Official%20Statement.pdf"
452153KX6,IL_GO,il_2024_10_ref 2024,5.0,2038-02-01,1,0,1,,"https://capitalmarkets.illinois.gov/content/dam/soi/en/web/capitalmarkets/documents/recent-bond-sales/State%20of%20Illinois,%20Refunding%20Series%20of%20October%202024%20Official%20Statement.pdf"
452153KY4,IL_GO,il_2024_10_ref 2024,5.0,2039-02-01,1,0,1,,"https://capitalmarkets.illinois.gov/content/dam/soi/en/web/capitalmarkets/documents/recent-bond-sales/State%20of%20Illinois,%20Refunding%20Series%20of%20October%202024%20Official%20Statement.pdf"
452153KZ1,IL_GO,il_2024_10_abc 2024A,4.45,2025-10-01,0,0,0,,https://capitalmarkets.illinois.gov/content/dam/soi/en/web/capitalmarkets/documents/official-statements/2024/State%20of%20Illinois%2C%20Taxable%20Series%20of%20October%202024A%20and%20Series%20of%20October%202024BC%20Official%20Statement.pdf
452153LA5,IL_GO,il_2024_10_abc 2024A,4.1,2026-10-01,0,0,0,,https://capitalmarkets.illinois.gov/content/dam/soi/en/web/capitalmarkets/documents/official-statements/2024/State%20of%20Illinois%2C%20Taxable%20Series%20of%20October%202024A%20and%20Series%20of%20October%202024BC%20Official%20Statement.pdf
452153LB3,IL_GO,il_2024_10_abc 2024A,4.06,2027-10-01,0,0,0,,https://capitalmarkets.illinois.gov/content/dam/soi/en/web/capitalmarkets/documents/official-statements/2024/State%20of%20Illinois%2C%20Taxable%20Series%20of%20October%202024A%20and%20Series%20of%20October%202024BC%20Official%20Statement.pdf
452153LC1,IL_GO,il_2024_10_abc 2024A,4.09,2028-10-01,0,0,0,,https://capitalmarkets.illinois.gov/content/dam/soi/en/web/capitalmarkets/documents/official-statements/2024/State%20of%20Illinois%2C%20Taxable%20Series%20of%20October%202024A%20and%20Series%20of%20October%202024BC%20Official%20Statement.pdf
452153LD9,IL_GO,il_2024_10_abc 2024A,4.14,2029-10-01,0,0,0,,https://capitalmarkets.illinois.gov/content/dam/soi/en/web/capitalmarkets/documents/official-statements/2024/State%20of%20Illinois%2C%20Taxable%20Series%20of%20October%202024A%20and%20Series%20of%20October%202024BC%20Official%20Statement.pdf
452153LE7,IL_GO,il_2024_10_abc 2024A,4.28,2030-10-01,0,0,0,,https://capitalmarkets.illinois.gov/content/dam/soi/en/web/capitalmarkets/documents/official-statements/2024/State%20of%20Illinois%2C%20Taxable%20Series%20of%20October%202024A%20and%20Series%20of%20October%202024BC%20Official%20Statement.pdf
452153LF4,IL_GO,il_2024_10_abc 2024A,4.33,2031-10-01,0,0,0,,https://capitalmarkets.illinois.gov/content/dam/soi/en/web/capitalmarkets/documents/official-statements/2024/State%20of%20Illinois%2C%20Taxable%20Series%20of%20October%202024A%20and%20Series%20of%20October%202024BC%20Official%20Statement.pdf
452153LG2,IL_GO,il_2024_10_abc 2024A,4.48,2032-10-01,0,0,0,,https://capitalmarkets.illinois.gov/content/dam/soi/en/web/capitalmarkets/documents/official-statements/2024/State%20of%20Illinois%2C%20Taxable%20Series%20of%20October%202024A%20and%20Series%20of%20October%202024BC%20Official%20Statement.pdf
452153LH0,IL_GO,il_2024_10_abc 2024A,4.54,2033-10-01,0,0,0,,https://capitalmarkets.illinois.gov/content/dam/soi/en/web/capitalmarkets/documents/official-statements/2024/State%20of%20Illinois%2C%20Taxable%20Series%20of%20October%202024A%20and%20Series%20of%20October%202024BC%20Official%20Statement.pdf
452153LJ6,IL_GO,il_2024_10_abc 2024A,4.64,2034-10-01,0,0,0,,https://capitalmarkets.illinois.gov/content/dam/soi/en/web/capitalmarkets/documents/official-statements/2024/State%20of%20Illinois%2C%20Taxable%20Series%20of%20October%202024A%20and%20Series%20of%20October%202024BC%20Official%20Statement.pdf
452153LK3,IL_GO,il_2024_10_abc 2024B,5.0,2025-10-01,1,0,0,,https://capitalmarkets.illinois.gov/content/dam/soi/en/web/capitalmarkets/documents/official-statements/2024/State%20of%20Illinois%2C%20Taxable%20Series%20of%20October%202024A%20and%20Series%20of%20October%202024BC%20Official%20Statement.pdf
452153LL1,IL_GO,il_2024_10_abc 2024B,5.0,2026-10-01,1,0,0,,https://capitalmarkets.illinois.gov/content/dam/soi/en/web/capitalmarkets/documents/official-statements/2024/State%20of%20Illinois%2C%20Taxable%20Series%20of%20October%202024A%20and%20Series%20of%20October%202024BC%20Official%20Statement.pdf
452153LM9,IL_GO,il_2024_10_abc 2024B,5.0,2027-10-01,1,0,0,,https://capitalmarkets.illinois.gov/content/dam/soi/en/web/capitalmarkets/documents/official-statements/2024/State%20of%20Illinois%2C%20Taxable%20Series%20of%20October%202024A%20and%20Series%20of%20October%202024BC%20Official%20Statement.pdf
452153LN7,IL_GO,il_2024_10_abc 2024B,5.0,2028-10-01,1,0,0,,https://capitalmarkets.illinois.gov/content/dam/soi/en/web/capitalmarkets/documents/official-statements/2024/State%20of%20Illinois%2C%20Taxable%20Series%20of%20October%202024A%20and%20Series%20of%20October%202024BC%20Official%20Statement.pdf
452153LP2,IL_GO,il_2024_10_abc 2024B,5.25,2029-10-01,1,0,0,,https://capitalmarkets.illinois.gov/content/dam/soi/en/web/capitalmarkets/documents/official-statements/2024/State%20of%20Illinois%2C%20Taxable%20Series%20of%20October%202024A%20and%20Series%20of%20October%202024BC%20Official%20Statement.pdf
452153LQ0,IL_GO,il_2024_10_abc 2024B,5.0,2030-10-01,1,0,0,,https://capitalmarkets.illinois.gov/content/dam/soi/en/web/capitalmarkets/documents/official-statements/2024/State%20of%20Illinois%2C%20Taxable%20Series%20of%20October%202024A%20and%20Series%20of%20October%202024BC%20Official%20Statement.pdf
452153LR8,IL_GO,il_2024_10_abc 2024B,5.0,2031-10-01,1,0,0,,https://capitalmarkets.illinois.gov/content/dam/soi/en/web/capitalmarkets/documents/official-statements/2024/State%20of%20Illinois%2C%20Taxable%20Series%20of%20October%202024A%20and%20Series%20of%20October%202024BC%20Official%20Statement.pdf
452153LS6,IL_GO,il_2024_10_abc 2024B,5.0,2032-10-01,1,0,0,,https://capitalmarkets.illinois.gov/content/dam/soi/en/web/capitalmarkets/documents/official-statements/2024/State%20of%20Illinois%2C%20Taxable%20Series%20of%20October%202024A%20and%20Series%20of%20October%202024BC%20Official%20Statement.pdf
452153LT4,IL_GO,il_2024_10_abc 2024B,5.0,2033-10-01,1,0,0,,https://capitalmarkets.illinois.gov/content/dam/soi/en/web/capitalmarkets/documents/official-statements/2024/State%20of%20Illinois%2C%20Taxable%20Series%20of%20October%202024A%20and%20Series%20of%20October%202024BC%20Official%20Statement.pdf
452153LU1,IL_GO,il_2024_10_abc 2024B,5.0,2034-10-01,1,0,1,,https://capitalmarkets.illinois.gov/content/dam/soi/en/web/capitalmarkets/documents/official-statements/2024/State%20of%20Illinois%2C%20Taxable%20Series%20of%20October%202024A%20and%20Series%20of%20October%202024BC%20Official%20Statement.pdf
452153LV9,IL_GO,il_2024_10_abc 2024B,5.0,2035-10-01,1,0,1,,https://capitalmarkets.illinois.gov/content/dam/soi/en/web/capitalmarkets/documents/official-statements/2024/State%20of%20Illinois%2C%20Taxable%20Series%20of%20October%202024A%20and%20Series%20of%20October%202024BC%20Official%20Statement.pdf
452153LW7,IL_GO,il_2024_10_abc 2024B,5.0,2036-10-01,1,0,1,,https://capitalmarkets.illinois.gov/content/dam/soi/en/web/capitalmarkets/documents/official-statements/2024/State%20of%20Illinois%2C%20Taxable%20Series%20of%20October%202024A%20and%20Series%20of%20October%202024BC%20Official%20Statement.pdf
452153LX5,IL_GO,il_2024_10_abc 2024C,4.0,2037-10-01,1,0,1,,https://capitalmarkets.illinois.gov/content/dam/soi/en/web/capitalmarkets/documents/official-statements/2024/State%20of%20Illinois%2C%20Taxable%20Series%20of%20October%202024A%20and%20Series%20of%20October%202024BC%20Official%20Statement.pdf
452153LY3,IL_GO,il_2024_10_abc 2024C,4.0,2038-10-01,1,0,1,,https://capitalmarkets.illinois.gov/content/dam/soi/en/web/capitalmarkets/documents/official-statements/2024/State%20of%20Illinois%2C%20Taxable%20Series%20of%20October%202024A%20and%20Series%20of%20October%202024BC%20Official%20Statement.pdf
452153LZ0,IL_GO,il_2024_10_abc 2024C,4.0,2039-10-01,1,0,1,,https://capitalmarkets.illinois.gov/content/dam/soi/en/web/capitalmarkets/documents/official-statements/2024/State%20of%20Illinois%2C%20Taxable%20Series%20of%20October%202024A%20and%20Series%20of%20October%202024BC%20Official%20Statement.pdf
452153MA4,IL_GO,il_2024_10_abc 2024C,4.0,2040-10-01,1,0,1,,https://capitalmarkets.illinois.gov/content/dam/soi/en/web/capitalmarkets/documents/official-statements/2024/State%20of%20Illinois%2C%20Taxable%20Series%20of%20October%202024A%20and%20Series%20of%20October%202024BC%20Official%20Statement.pdf
452153MB2,IL_GO,il_2024_10_abc 2024C,4.0,2041-10-01,1,0,1,,https://capitalmarkets.illinois.gov/content/dam/soi/en/web/capitalmarkets/documents/official-statements/2024/State%20of%20Illinois%2C%20Taxable%20Series%20of%20October%202024A%20and%20Series%20of%20October%202024BC%20Official%20Statement.pdf
452153MC0,IL_GO,il_2024_10_abc 2024C,4.0,2042-10-01,1,0,1,,https://capitalmarkets.illinois.gov/content/dam/soi/en/web/capitalmarkets/documents/official-statements/2024/State%20of%20Illinois%2C%20Taxable%20Series%20of%20October%202024A%20and%20Series%20of%20October%202024BC%20Official%20Statement.pdf
452153MD8,IL_GO,il_2024_10_abc 2024C,4.0,2043-10-01,1,0,0,,https://capitalmarkets.illinois.gov/content/dam/soi/en/web/capitalmarkets/documents/official-statements/2024/State%20of%20Illinois%2C%20Taxable%20Series%20of%20October%202024A%20and%20Series%20of%20October%202024BC%20Official%20Statement.pdf
452153ME6,IL_GO,il_2024_10_abc 2024C,4.0,2044-10-01,1,0,0,,https://capitalmarkets.illinois.gov/content/dam/soi/en/web/capitalmarkets/documents/official-statements/2024/State%20of%20Illinois%2C%20Taxable%20Series%20of%20October%202024A%20and%20Series%20of%20October%202024BC%20Official%20Statement.pdf
452153MF3,IL_GO,il_2024_10_abc 2024C,4.0,2045-10-01,1,0,0,,https://capitalmarkets.illinois.gov/content/dam/soi/en/web/capitalmarkets/documents/official-statements/2024/State%20of%20Illinois%2C%20Taxable%20Series%20of%20October%202024A%20and%20Series%20of%20October%202024BC%20Official%20Statement.pdf
167505YW0,CPS,cps_2023a,5.0,2030-12-01,1,0,0,,https://www.cps.edu/globalassets/cps-pages/about-cps/finance/official-statements-for-long-term-bonds/series-2023a-final-os-2023-10-26.pdf
167505YX8,CPS,cps_2023a,5.5,2031-12-01,1,0,0,,https://www.cps.edu/globalassets/cps-pages/about-cps/finance/official-statements-for-long-term-bonds/series-2023a-final-os-2023-10-26.pdf
167505YY6,CPS,cps_2023a,5.0,2032-12-01,1,0,0,,https://www.cps.edu/globalassets/cps-pages/about-cps/finance/official-statements-for-long-term-bonds/series-2023a-final-os-2023-10-26.pdf
167505YZ3,CPS,cps_2023a,5.0,2033-12-01,1,0,0,,https://www.cps.edu/globalassets/cps-pages/about-cps/finance/official-statements-for-long-term-bonds/series-2023a-final-os-2023-10-26.pdf
167505ZA7,CPS,cps_2023a,5.0,2034-12-01,1,0,0,,https://www.cps.edu/globalassets/cps-pages/about-cps/finance/official-statements-for-long-term-bonds/series-2023a-final-os-2023-10-26.pdf
167505ZB5,CPS,cps_2023a,5.25,2035-12-01,1,0,0,,https://www.cps.edu/globalassets/cps-pages/about-cps/finance/official-statements-for-long-term-bonds/series-2023a-final-os-2023-10-26.pdf
167505ZC3,CPS,cps_2023a,5.25,2036-12-01,1,0,0,,https://www.cps.edu/globalassets/cps-pages/about-cps/finance/official-statements-for-long-term-bonds/series-2023a-final-os-2023-10-26.pdf
167505ZD1,CPS,cps_2023a,5.5,2037-12-01,1,0,0,,https://www.cps.edu/globalassets/cps-pages/about-cps/finance/official-statements-for-long-term-bonds/series-2023a-final-os-2023-10-26.pdf
167505ZE9,CPS,cps_2023a,5.5,2038-12-01,1,0,0,,https://www.cps.edu/globalassets/cps-pages/about-cps/finance/official-statements-for-long-term-bonds/series-2023a-final-os-2023-10-26.pdf
167505ZF6,CPS,cps_2023a,5.875,2047-12-01,1,0,0,,https://www.cps.edu/globalassets/cps-pages/about-cps/finance/official-statements-for-long-term-bonds/series-2023a-final-os-2023-10-26.pdf
167505ZG4,CPS,cps_2023a,6.0,2049-12-01,1,0,0,,https://www.cps.edu/globalassets/cps-pages/about-cps/finance/official-statements-for-long-term-bonds/series-2023a-final-os-2023-10-26.pdf
167505ZM1,CPS,cps_2025a,5.75,2050-12-01,1,0,0,,https://www.cps.edu/globalassets/cps-pages/about-cps/finance/official-statements-for-long-term-bonds/official-statement---series-2025a.pdf
167505ZL3,CPS,cps_2025a,6.25,2050-12-01,1,0,0,,https://www.cps.edu/globalassets/cps-pages/about-cps/finance/official-statements-for-long-term-bonds/official-statement---series-2025a.pdf
167505ZN9,CPS,cps_2025bc,5.25,2027-12-01,1,0,0,,https://www.cps.edu/globalassets/cps-pages/about-cps/finance/official-statements-for-long-term-bonds/final-offical-statement---cps-series-2025bc---2025-11-07.pdf
167505ZP4,CPS,cps_2025bc,5.25,2028-12-01,1,0,0,,https://www.cps.edu/globalassets/cps-pages/about-cps/finance/official-statements-for-long-term-bonds/final-offical-statement---cps-series-2025bc---2025-11-07.pdf
167505ZQ2,CPS,cps_2025bc,5.25,2029-12-01,1,0,0,,https://www.cps.edu/globalassets/cps-pages/about-cps/finance/official-statements-for-long-term-bonds/final-offical-statement---cps-series-2025bc---2025-11-07.pdf
167505ZR0,CPS,cps_2025bc,5.25,2030-12-01,1,0,0,,https://www.cps.edu/globalassets/cps-pages/about-cps/finance/official-statements-for-long-term-bonds/final-offical-statement---cps-series-2025bc---2025-11-07.pdf
167505ZS8,CPS,cps_2025bc,5.25,2031-12-01,1,0,0,,https://www.cps.edu/globalassets/cps-pages/about-cps/finance/official-statements-for-long-term-bonds/final-offical-statement---cps-series-2025bc---2025-11-07.pdf
167505ZT6,CPS,cps_2025bc,5.5,2032-12-01,1,0,0,,https://www.cps.edu/globalassets/cps-pages/about-cps/finance/official-statements-for-long-term-bonds/final-offical-statement---cps-series-2025bc---2025-11-07.pdf
167505ZU3,CPS,cps_2025bc,5.5,2033-12-01,1,0,0,,https://www.cps.edu/globalassets/cps-pages/about-cps/finance/official-statements-for-long-term-bonds/final-offical-statement---cps-series-2025bc---2025-11-07.pdf
167505ZV1,CPS,cps_2025bc,5.5,2034-12-01,1,0,0,,https://www.cps.edu/globalassets/cps-pages/about-cps/finance/official-statements-for-long-term-bonds/final-offical-statement---cps-series-2025bc---2025-11-07.pdf
167505ZW9,CPS,cps_2025bc,5.5,2035-12-01,1,0,0,,https://www.cps.edu/globalassets/cps-pages/about-cps/finance/official-statements-for-long-term-bonds/final-offical-statement---cps-series-2025bc---2025-11-07.pdf
167505ZX7,CPS,cps_2025bc,5.5,2036-12-01,1,0,1,,https://www.cps.edu/globalassets/cps-pages/about-cps/finance/official-statements-for-long-term-bonds/final-offical-statement---cps-series-2025bc---2025-11-07.pdf
167505ZY5,CPS,cps_2025bc,6.0,2037-12-01,1,0,1,,https://www.cps.edu/globalassets/cps-pages/about-cps/finance/official-statements-for-long-term-bonds/final-offical-statement---cps-series-2025bc---2025-11-07.pdf
167505ZZ2,CPS,cps_2025bc,6.0,2038-12-01,1,0,1,,https://www.cps.edu/globalassets/cps-pages/about-cps/finance/official-statements-for-long-term-bonds/final-offical-statement---cps-series-2025bc---2025-11-07.pdf
167505A22,CPS,cps_2025bc,6.0,2039-12-01,1,0,1,,https://www.cps.edu/globalassets/cps-pages/about-cps/finance/official-statements-for-long-term-bonds/final-offical-statement---cps-series-2025bc---2025-11-07.pdf
167505A30,CPS,cps_2025bc,5.0,2040-12-01,1,0,0,,https://www.cps.edu/globalassets/cps-pages/about-cps/finance/official-statements-for-long-term-bonds/final-offical-statement---cps-series-2025bc---2025-11-07.pdf
167505A48,CPS,cps_2025bc,6.0,2041-12-01,1,0,1,,https://www.cps.edu/globalassets/cps-pages/about-cps/finance/official-statements-for-long-term-bonds/final-offical-statement---cps-series-2025bc---2025-11-07.pdf
167505A55,CPS,cps_2025bc,6.0,2042-12-01,1,0,1,,https://www.cps.edu/globalassets/cps-pages/about-cps/finance/official-statements-for-long-term-bonds/final-offical-statement---cps-series-2025bc---2025-11-07.pdf
167505A63,CPS,cps_2025bc,6.0,2043-12-01,1,0,1,,https://www.cps.edu/globalassets/cps-pages/about-cps/finance/official-statements-for-long-term-bonds/final-offical-statement---cps-series-2025bc---2025-11-07.pdf
167505A71,CPS,cps_2025bc,6.0,2044-12-01,1,0,1,,https://www.cps.edu/globalassets/cps-pages/about-cps/finance/official-statements-for-long-term-bonds/final-offical-statement---cps-series-2025bc---2025-11-07.pdf
167505A89,CPS,cps_2025bc,5.25,2027-12-01,1,0,0,,https://www.cps.edu/globalassets/cps-pages/about-cps/finance/official-statements-for-long-term-bonds/final-offical-statement---cps-series-2025bc---2025-11-07.pdf
167505A97,CPS,cps_2025bc,5.25,2028-12-01,1,0,0,,https://www.cps.edu/globalassets/cps-pages/about-cps/finance/official-statements-for-long-term-bonds/final-offical-statement---cps-series-2025bc---2025-11-07.pdf
167505B21,CPS,cps_2025bc,5.25,2029-12-01,1,0,0,,https://www.cps.edu/globalassets/cps-pages/about-cps/finance/official-statements-for-long-term-bonds/final-offical-statement---cps-series-2025bc---2025-11-07.pdf
167505B39,CPS,cps_2025bc,5.25,2030-12-01,1,0,0,,https://www.cps.edu/globalassets/cps-pages/about-cps/finance/official-statements-for-long-term-bonds/final-offical-statement---cps-series-2025bc---2025-11-07.pdf
167505B47,CPS,cps_2025bc,5.25,2031-12-01,1,0,0,,https://www.cps.edu/globalassets/cps-pages/about-cps/finance/official-statements-for-long-term-bonds/final-offical-statement---cps-series-2025bc---2025-11-07.pdf
167505B54,CPS,cps_2025bc,5.5,2032-12-01,1,0,0,,https://www.cps.edu/globalassets/cps-pages/about-cps/finance/official-statements-for-long-term-bonds/final-offical-statement---cps-series-2025bc---2025-11-07.pdf
167505B62,CPS,cps_2025bc,5.5,2033-12-01,1,0,0,,https://www.cps.edu/globalassets/cps-pages/about-cps/finance/official-statements-for-long-term-bonds/final-offical-statement---cps-series-2025bc---2025-11-07.pdf
167505B70,CPS,cps_2025bc,5.5,2034-12-01,1,0,0,,https://www.cps.edu/globalassets/cps-pages/about-cps/finance/official-statements-for-long-term-bonds/final-offical-statement---cps-series-2025bc---2025-11-07.pdf
167505B88,CPS,cps_2025bc,5.5,2035-12-01,1,0,0,,https://www.cps.edu/globalassets/cps-pages/about-cps/finance/official-statements-for-long-term-bonds/final-offical-statement---cps-series-2025bc---2025-11-07.pdf
167505B96,CPS,cps_2025bc,5.5,2036-12-01,1,0,1,,https://www.cps.edu/globalassets/cps-pages/about-cps/finance/official-statements-for-long-term-bonds/final-offical-statement---cps-series-2025bc---2025-11-07.pdf
167505C20,CPS,cps_2025bc,6.0,2037-12-01,1,0,1,,https://www.cps.edu/globalassets/cps-pages/about-cps/finance/official-statements-for-long-term-bonds/final-offical-statement---cps-series-2025bc---2025-11-07.pdf
167505C38,CPS,cps_2025bc,6.0,2038-12-01,1,0,1,,https://www.cps.edu/globalassets/cps-pages/about-cps/finance/official-statements-for-long-term-bonds/final-offical-statement---cps-series-2025bc---2025-11-07.pdf
167505C46,CPS,cps_2025bc,6.0,2039-12-01,1,0,1,,https://www.cps.edu/globalassets/cps-pages/about-cps/finance/official-statements-for-long-term-bonds/final-offical-statement---cps-series-2025bc---2025-11-07.pdf
167505C53,CPS,cps_2025bc,6.0,2040-12-01,1,0,1,,https://www.cps.edu/globalassets/cps-pages/about-cps/finance/official-statements-for-long-term-bonds/final-offical-statement---cps-series-2025bc---2025-11-07.pdf
167505C61,CPS,cps_2025bc,6.0,2041-12-01,1,0,1,,https://www.cps.edu/globalassets/cps-pages/about-cps/finance/official-statements-for-long-term-bonds/final-offical-statement---cps-series-2025bc---2025-11-07.pdf
167505C79,CPS,cps_2025bc,6.0,2042-12-01,1,0,1,,https://www.cps.edu/globalassets/cps-pages/about-cps/finance/official-statements-for-long-term-bonds/final-offical-statement---cps-series-2025bc---2025-11-07.pdf
167505C87,CPS,cps_2025bc,6.0,2043-12-01,1,0,1,,https://www.cps.edu/globalassets/cps-pages/about-cps/finance/official-statements-for-long-term-bonds/final-offical-statement---cps-series-2025bc---2025-11-07.pdf
167505C95,CPS,cps_2025bc,6.0,2044-12-01,1,0,1,,https://www.cps.edu/globalassets/cps-pages/about-cps/finance/official-statements-for-long-term-bonds/final-offical-statement---cps-series-2025bc---2025-11-07.pdf
167505D29,CPS,cps_2025bc,5.5,2045-12-01,1,0,0,,https://www.cps.edu/globalassets/cps-pages/about-cps/finance/official-statements-for-long-term-bonds/final-offical-statement---cps-series-2025bc---2025-11-07.pdf
